Producer,45,400
Consumer,41,300
Producer,4,300
Producer,50,300
Consumer,6,300
Producer,45,600
Consumer,24,200
Consumer,20,200
Producer,31,400
Consumer,14,200
Producer,9,300
Consumer,44,300
Producer,31,400
Consumer,18,300
Producer,37,300
Consumer,10,300
Consumer,46,2120300
Consumer,18,1919700
Producer,26,1204500
Producer,47,1292000
Producer,323,400
Producer,182,300
Consumer,376,200
Producer,493,400
Consumer,381,548300
Producer,312,300
Consumer,459,464100
Consumer,60,300
Producer,414,599200
Producer,41,400
Consumer,290,300
Producer,138,400
Consumer,144,200
Producer,210,400
Producer,307,300
Consumer,174,200
Consumer,488,200
Producer,314,300
Producer,208,300
Consumer,239,1225700
Consumer,323,400
Producer,62,400
Producer,120,300
Consumer,31,200
Producer,343,300
Producer,270,400
Producer,173,400
Consumer,119,300
Consumer,280,200
Consumer,186,300
Producer,193,300
Consumer,295,200
Producer,58,600
Producer,131,400
Consumer,159,200
Producer,57,400
Consumer,115,200
Producer,156,400
Producer,320,700
Consumer,202,300
Consumer,108,300
Producer,477,400
Producer,72,400
Consumer,435,12235100
Consumer,361,12400200
Producer,95,52600
Producer,125,300
Consumer,3,200
Producer,77,400
Consumer,8,300
Consumer,224,200
Producer,25,300
Producer,60,300
Producer,331,300
Consumer,375,200
Producer,267,300
Consumer,181,300
Consumer,326,200
Producer,473,400
Producer,278,400
Consumer,233,300
Producer,345,300
Consumer,133,300
Consumer,66,200
Producer,268,400
Consumer,445,300
Consumer,289,400
Producer,319,2500
Producer,174,300
Consumer,171,300
Producer,141,400
Consumer,460,200
Producer,451,612200
Consumer,281,200
Producer,177,400
Consumer,129,400
Producer,40,300
Consumer,276,15114900
Consumer,71,200
Producer,387,300
Consumer,57,100
Consumer,257,2077900
Producer,354,2792600
Consumer,362,200
Producer,467,300
Producer,144,300
Consumer,197,200
Consumer,383,4987400
Producer,299,300
Producer,60,300
Consumer,384,200
Producer,368,300
Consumer,452,5013600
Producer,346,400
Consumer,398,776800
Producer,333,300
Consumer,79,300
Consumer,122,200
Producer,156,300
Producer,203,400
Consumer,495,20539700
Producer,327,400
Consumer,81,300
Producer,408,400
Consumer,474,1914400
Producer,317,300
Consumer,127,400
Consumer,176,200
Producer,24,400
Producer,272,400
Consumer,490,2614700
Producer,331,300
Consumer,9,400
Consumer,217,200
Producer,49,300
Consumer,164,200
Producer,88,400
Producer,409,300
Consumer,359,300
Producer,377,200
Producer,16,300
Consumer,307,1548900
Consumer,268,338800
Producer,409,200
Consumer,391,300
Producer,122,400
Producer,229,200
Producer,311,300
Consumer,199,300
Consumer,338,624000
Producer,314,400
Producer,151,300
Consumer,210,200
Consumer,343,496600
Consumer,15,100
Producer,495,400
Consumer,494,2280700
Producer,199,400
Producer,18,300
Producer,216,400
Consumer,18,300
Consumer,383,3734200
Producer,433,300
Consumer,298,100
Producer,443,400
Consumer,207,484500
Consumer,230,530600
Producer,462,300
Producer,29,400
Consumer,497,9141500
Producer,344,200
Consumer,143,100
Producer,394,300
Consumer,309,100
Consumer,378,3977500
Producer,476,200
Consumer,466,100
Producer,428,300
Consumer,494,3860600
Producer,440,300
Consumer,244,200
Producer,260,400
Consumer,107,400
Consumer,303,1409600
Producer,495,600
Consumer,440,2048300
Producer,138,300
Consumer,273,1116800
Producer,419,300
Consumer,424,634900
Producer,41,300
Producer,95,300
Producer,441,400
Consumer,364,200
Producer,484,400
Producer,93,700
Consumer,281,1317600
Consumer,274,1396100
Producer,319,329000
Consumer,199,400
Consumer,300,808800
Producer,150,300
Producer,342,300
Consumer,315,200
Producer,405,400
Consumer,303,2173600
Consumer,49,400
Producer,4,400
Consumer,81,300
Producer,401,200
Consumer,103,600
Consumer,441,1877000
Producer,152,200
Producer,275,200
Consumer,431,200
Producer,127,400
Consumer,182,100
Producer,1038,400
Producer,4372,400
Consumer,3993,300
Producer,901,600
Producer,3146,700
Consumer,2571,300
Producer,4223,600
Consumer,2953,1671500
Consumer,1977,300
Consumer,1489,1510500
Producer,4475,579200
Consumer,836,500
Producer,2877,400
Producer,2548,600
Consumer,3576,600
Consumer,1510,880100
Producer,4635,800
Consumer,4179,500
Producer,4070,668700
Consumer,1194,600
Consumer,4605,400
Producer,4525,900
Consumer,3906,600
Consumer,1684,300
Producer,4090,700
Producer,3546,875700
Consumer,3245,600
Producer,41,700
Consumer,4734,1000
Producer,4897,1170300
Consumer,3928,600
Producer,3651,208800
Producer,3045,600
Consumer,1085,700
Consumer,2906,300
Producer,1654,600
Consumer,4902,300
Consumer,534,900
Producer,3880,700
Producer,3100,1690200
Consumer,4804,400
Consumer,432,500
Producer,2601,500
Producer,2007,1524600
Consumer,640,300
Producer,554,700
Consumer,1777,900
Producer,2927,350800
Producer,192,800
Consumer,1041,1300
Consumer,1568,600
Producer,2442,800
Consumer,3280,700
Producer,3073,600
Consumer,1591,400
Producer,588,500
Consumer,2092,600
Producer,3276,859000
Consumer,4590,400
Producer,3458,458800
Producer,1150,800
Consumer,4339,600
Producer,4271,445400
Consumer,3436,300
Producer,357,400
Consumer,645,400
Producer,1812,600
Consumer,1564,300
Producer,3474,500
Consumer,3293,400
Producer,1983,186500
Consumer,1969,400
Consumer,2618,400
Producer,4613,500
Producer,1760,500
Consumer,4771,300
Producer,1130,700
Consumer,4354,300
Producer,2077,700
Producer,4160,1149400
Consumer,2926,300
Producer,736,800
Consumer,2218,300
Consumer,1697,600
Consumer,1800,1073300
Producer,1710,600
Producer,4651,700
Producer,2587,700
Consumer,4922,300
Consumer,1000,600
Producer,3678,600
Producer,1903,620400
Consumer,4423,400
Consumer,2192,100
Producer,3395,900
Producer,4450,800
Consumer,4348,333700
Consumer,2157,400
Producer,438,600
Consumer,430,300
Producer,540,200
Consumer,2048,200
Producer,3507,200
Consumer,4765,100
Producer,3001,300
Consumer,1887,100
Producer,686,200
Consumer,949,200
Producer,3561,300
Consumer,3366,200
Producer,4444,600
Consumer,4168,300
Producer,1766,400
Producer,4298,300
Consumer,4153,150600
Producer,973,300
Consumer,703,500
Consumer,3137,700
Producer,2854,600
Consumer,2154,600
Producer,615,400
Consumer,204,300
Producer,636,300
Producer,2526,800
Consumer,2864,1059100
Producer,4579,400
Consumer,4462,186100
Consumer,325,300
Producer,2139,400
Consumer,4102,400
Producer,4695,400
Producer,3812,300
Consumer,3078,600
Consumer,2784,400
Producer,1023,400
Consumer,564,200
Producer,4226,400
Consumer,1339,500
Producer,794,500
Consumer,4011,200
Consumer,1295,400
Producer,1156,500
Producer,1,600
Producer,3818,658100
Consumer,3982,300
Consumer,1109,300
Producer,4073,900
Producer,3962,300
Consumer,3498,500
Consumer,1751,600
Producer,4665,400
Consumer,3251,600
Consumer,3965,200
Producer,4406,400
Consumer,708,200
Producer,4302,504300
Consumer,2358,600
Consumer,318,700
Consumer,3590,300
Producer,4130,600
Consumer,4344,300
Producer,1148,200
Producer,4605,1154500
Consumer,4116,300
Producer,2712,600
Consumer,4152,400
Producer,2249,400
Producer,2898,1615400
Consumer,4193,600
Producer,4090,1200
Consumer,2270,300
Producer,3545,385900
Consumer,311,400
Consumer,2468,300
Producer,2116,230000
Producer,704,143500
Producer,23,500
Consumer,3119,400
Consumer,4290,300
Producer,1393,800
Consumer,3540,300
Producer,4446,555000
Producer,48,700
Consumer,3379,600
Producer,4560,800
Consumer,1165,400
Producer,3812,300
Consumer,1953,200
Consumer,3673,600
Producer,2965,500
Consumer,2977,600
Producer,3407,512900
Consumer,4430,300
Producer,3934,123000
Producer,2170,600
Consumer,905,500
Producer,1040,300
Consumer,3321,300
Producer,3727,400
Consumer,1124,400
Consumer,2459,400
Producer,815,300
Producer,2843,333000
Consumer,1703,400
Producer,1426,500
Consumer,1302,500
Consumer,2175,500
Producer,3548,1355200
Consumer,4353,500
Producer,1367,700
Producer,1865,389000
Consumer,1209,600
Producer,2888,800
Consumer,4287,300
Producer,2574,388900
Producer,1313,491500
Producer,504,500
Consumer,3162,700
Consumer,4829,600
Producer,4348,283400
Producer,3542,600
Consumer,3686,179900
Consumer,3488,500
Consumer,1090,500
Producer,1207,600
Producer,4769,500
Consumer,2437,311800
Consumer,1172,500
Producer,3504,500
Consumer,3524,125300
Producer,4877,900
Consumer,4571,500
Producer,4713,238800
Consumer,4815,203000
Producer,4365,123500
Consumer,3277,600
Producer,1628,400
Consumer,4591,176300
Producer,3520,500
Producer,2158,900
Consumer,491,500
Consumer,1954,300
Producer,3697,490900
Consumer,4915,400
Consumer,229,600
Producer,3219,500
Consumer,722,500
Consumer,2931,400
Producer,4150,300
Producer,1941,400
Consumer,203,300
Producer,602,600
Producer,576,300
Consumer,1772,300
Producer,373,300
Consumer,2505,300
Producer,435,300
Consumer,2741,200
Producer,3927,300
Consumer,87,200
Producer,1239,300
Consumer,734,200
Consumer,1091,300
Consumer,888,200
Producer,3072,200
Consumer,1178,200
Consumer,2997,400
Producer,2881,357600
Producer,543,400
Producer,1082,400
Consumer,699,400
Consumer,1627,800
Producer,656,400
Producer,349,700
Producer,129,600
Consumer,3555,300
Consumer,4645,400
Producer,2629,600
Producer,4790,600
Consumer,3828,400
Producer,4681,6150100
Consumer,2755,800
Consumer,996,500
Producer,4936,400
Consumer,2506,500
Consumer,4990,400
Producer,882,1000
Consumer,1730,400
Producer,3097,2196900
Consumer,3967,400
Producer,865,700
Producer,2463,700
Consumer,1343,500
Producer,2862,700
Producer,4670,700
Consumer,3660,600
Consumer,3957,600
Consumer,1535,500
Producer,2423,600
Producer,790,600
Consumer,1708,500
Producer,1923,600
Consumer,3146,700
Producer,1820,3900
Consumer,2275,400
Producer,4126,700
Consumer,1108,400
Producer,1250,500
Producer,4918,700
Consumer,2117,400
Producer,13,700
Consumer,3297,2874400
Consumer,3036,500
Producer,1934,700
Consumer,159,400
Producer,2078,600
Producer,1254,600
Producer,1672,700
Producer,1498,2558600
Consumer,3564,2172300
Consumer,1842,400
Producer,994,700
Consumer,1940,400
Producer,4795,600
Consumer,3166,1922100
Consumer,2786,300
Producer,2128,500
Producer,4714,1681900
Consumer,470,400
Consumer,3627,600
Consumer,2755,400
Producer,1023,700
Consumer,2905,500
Producer,2848,600
Producer,1476,600
Consumer,2937,300
Producer,3260,700
Consumer,3836,500
Producer,3726,6102600
Consumer,2108,600
Producer,2840,3197400
Producer,4054,1637100
Consumer,3662,2335200
Consumer,2402,400
Consumer,2263,400
Producer,2008,700
Producer,4068,2034900
Consumer,4537,2504000
Producer,2163,500
Consumer,773,500
Producer,1323,600
Consumer,4898,400
Producer,91,600
Producer,3248,600
Producer,3490,600
Consumer,514,400
Consumer,4289,284400
Producer,1605,900
Consumer,4063,745100
Producer,4306,700
Consumer,1402,221900
Producer,1847,1200
Consumer,3272,119600
Producer,4625,800
Consumer,2991,600
Producer,853,600
Consumer,3240,400
Producer,1601,500
Producer,4382,400
Consumer,3996,819100
Consumer,2184,300
Producer,1101,600
Producer,4494,600
Consumer,3236,199000
Producer,1992,500
Consumer,2022,400
Producer,4564,500
Consumer,4896,828000
Producer,406,600
Producer,1239,600
Consumer,3605,450600
Producer,341,600
Producer,2688,700
Consumer,3624,500
Producer,4730,700
Consumer,3999,503900
Producer,3096,600
Consumer,1350,505500
Producer,4651,600
Consumer,1450,400
Producer,1624,500
Consumer,4557,900100
Consumer,2527,400
Producer,3223,700
Consumer,1515,400
Producer,681,500
Consumer,2206,300
Producer,2147,700
Producer,1171,600
Producer,4408,600
Consumer,4539,2421300
Consumer,1551,500
Consumer,563,400
Producer,4492,700
Producer,462,600
Consumer,2743,400
Producer,3556,864500
Consumer,4365,774100
Producer,435,900
Producer,3343,700
Consumer,2323,500
Producer,2972,600
Consumer,4527,4991300
Producer,4727,500
Consumer,4608,5467100
Consumer,522,400
Producer,2598,700
Producer,1628,700
Consumer,4424,2325400
Consumer,1858,400
Producer,2538,500
Consumer,1922,500
Producer,4736,500
Consumer,2810,400
Consumer,1506,300
Producer,2269,500
Producer,2025,600
Producer,1611,500
Consumer,4556,2770600
Consumer,1956,500
Producer,3732,600
Consumer,4389,5128800
Producer,2302,2700
Producer,1858,400
Producer,4219,400
Consumer,1528,500
Consumer,4232,3154400
Producer,4384,600
Consumer,4734,667500
Producer,1443,600
Producer,1008,600
Consumer,4469,400
Producer,220,500
Producer,3635,600
Producer,1696,800
Consumer,1378,377500
Consumer,3918,2197900
Producer,601,500
Consumer,935,600
Producer,943,700
Producer,767,700
Consumer,1872,400
Producer,2611,500
Consumer,882,1907900
Producer,3206,600
Consumer,268,300
Producer,4020,600
Consumer,2810,2845100
Consumer,1657,1874500
Consumer,4053,2342000
Consumer,332,300
Producer,3001,464500
Producer,715,700
Consumer,1392,500
Producer,3133,600
Producer,379,600
Consumer,4392,2084800
Consumer,904,400
Producer,944,700
Producer,4936,479200
Consumer,2924,1119700
Consumer,2159,439200
Producer,2627,600
Consumer,3080,693900
Producer,525,500
Consumer,1103,400
Producer,1039,600
Producer,3852,700
Consumer,4924,3935800
Consumer,265,600
Producer,4010,600
Producer,378,500
Consumer,2335,400
Producer,2262,600
Consumer,2522,400
Consumer,1744,1529900
Producer,146,500
Consumer,168,1207700
Producer,936,600
Producer,965,500
Producer,1553,500
Consumer,1156,400
Producer,2485,500
Consumer,2368,300
Producer,272,600
Consumer,2180,929200
Producer,2902,600
Producer,2553,700
Consumer,3233,400
Consumer,2658,300
Producer,2380,600
Producer,2029,800
Consumer,4396,5686500
Producer,3695,600
Consumer,196,300
Producer,2365,600
Consumer,3575,2220500
Producer,4385,500
Consumer,4968,4507100
Producer,1629,1000
Consumer,457,400
Producer,564,700
Consumer,2969,400
Producer,4427,700
Consumer,2553,471000
Consumer,235,400
Producer,3134,500
Consumer,4523,13765800
Producer,474,900
Producer,1521,500
Producer,4119,700
Consumer,4789,1247000
Consumer,1864,558200
Producer,2168,700
Consumer,1004,600
Producer,909,500
Producer,4082,600
Consumer,3484,668600
Producer,779,600
Consumer,2932,3078400
Consumer,280,400
Producer,1915,900
Consumer,1723,500
Producer,3402,600
Consumer,4071,3189000
Producer,2071,600
Producer,3462,600
Consumer,3586,6859400
Consumer,245,400
Producer,1139,500
Consumer,2578,906000
Producer,527,500
Consumer,639,400
Producer,4889,600
Consumer,2460,298500
Producer,911,700
Consumer,3007,1036700
Producer,1236,600
Producer,703,700
Consumer,1980,859300
Producer,2333,800
Consumer,2212,400
Producer,84,200
Producer,645,200
Consumer,444,500
Producer,2204,300
Consumer,2302,293100
Producer,4214,300
Producer,4402,200
Consumer,3955,8751700
Consumer,4184,2443400
Producer,3876,100
Consumer,4268,2794500
Producer,1917,600
Producer,1762,100
Consumer,3072,322900
Consumer,1059,300
Producer,1268,300
Consumer,1622,1589400
Producer,707,100
Producer,2957,600
Consumer,2516,500
Producer,2301,100
Consumer,745,641200
Consumer,1116,1345500
Consumer,882,400
Producer,1647,200
Producer,3393,300
Consumer,4397,4204600
Producer,1409,100
Producer,1214,100
Consumer,3999,1875100
Producer,2777,100
Consumer,2305,939200
Producer,2498,100
Consumer,2438,100
Producer,3330,200
Producer,3091,100
Consumer,1485,100
Consumer,4296,1355700
Producer,3575,200
Consumer,4468,4095000
Producer,587,100
Producer,33,100
Producer,464,100
Producer,4493,100
Consumer,1323,100
Consumer,1667,802900
Consumer,2958,471600
Producer,1187,200
Producer,4879,400
Consumer,4934,25950800
Consumer,197,459700
Producer,2678,200
Consumer,3608,1824500
Producer,350,100
Producer,4317,200
Consumer,4627,3242600
Producer,2942,100
Producer,3020,200
Consumer,4936,22052800
Consumer,795,495200
Producer,1099,200
Producer,2080,200
Consumer,2754,100
Producer,270,100
Producer,2299,100
Consumer,2900,1550700
Producer,55,200
Producer,487,100
Producer,1582,200
Consumer,2477,3736500
Producer,2219,300
Producer,4567,400
Consumer,4456,9533400
Consumer,1184,200
Producer,306,200
Producer,863,200
Producer,218,100
Consumer,711,100
Consumer,1676,100
Producer,2968,300
Consumer,2733,2425200
Producer,892,100
Producer,2806,300
Consumer,3884,3700800
Producer,5,200
Producer,1607,300
Producer,1227,100
Consumer,390,2517400
Consumer,789,100
Consumer,690,699400
Producer,106,0
Producer,936,0
Consumer,2051,100
Producer,536,100
Producer,2213,300
Consumer,2655,6588700
Producer,2719,100
Consumer,1583,1248000
Consumer,906,100
Producer,4081,100
Consumer,3640,8213900
Producer,1816,200
Producer,1296,100
Producer,3218,200
Consumer,2919,3377800
Consumer,3477,4196300
Producer,656,100
Consumer,1229,200
Producer,366,0
Producer,1212,100
Producer,2322,0
Consumer,1293,100
Consumer,1398,1383100
Producer,108,0
Producer,2788,0
Consumer,4343,20441300
Producer,3868,100
Consumer,3070,3259800
Producer,575,400
Producer,4943,100
Consumer,3249,9107500
Consumer,3139,1518700
Producer,4129,0
Consumer,3829,7437300
Producer,2623,100
Consumer,2903,1452000
Producer,4314,100
Consumer,4272,10068300
Producer,986,200
Producer,2959,100
Producer,4888,200
Consumer,2690,2595600
Consumer,3697,100
Producer,3268,200
Consumer,4065,9807900
Consumer,63,100
Consumer,286,100
Consumer,1183,1222300
Producer,2979,100
Consumer,2765,2028700
Producer,4044,200
Consumer,3575,26075300
Producer,1362,200
Producer,1082,0
Consumer,2104,528800
Producer,4531,100
Consumer,3678,8522700
Producer,3714,100
Consumer,4031,1868300
Consumer,839,0
Producer,757,100
Consumer,1005,100
Producer,2257,0
Consumer,1620,100
Producer,1997,100
Consumer,1495,100
Producer,3814,100
Consumer,3280,3452400
Consumer,32,100
Producer,13,100
Producer,689,100
Producer,4396,100
Consumer,4893,19113400
Producer,4329,100
Consumer,4134,2275200
Producer,2234,100
Consumer,4070,4135100
Producer,4362,100
Consumer,4508,8185900
Producer,4114,0
Consumer,4710,10973100
Producer,3000,100
Consumer,2807,650800
Producer,4544,200
Consumer,3214,8125400
Consumer,303,611700
Producer,2402,200
Consumer,3618,15291500
Producer,3215,100
Consumer,1853,656500
Producer,544,200
Consumer,1678,1443200
Producer,1885,200
Consumer,2116,464800
Producer,4359,200
Consumer,3518,0
Producer,2506,100
Consumer,3185,4556300
Producer,1870,100
Producer,2700,100
Consumer,4703,11210300
Producer,3478,200
Consumer,2848,200
Producer,2911,300
Consumer,3628,11735800
Producer,458,100
Producer,947,200
Producer,957,300
Consumer,1001,640000
Producer,2463,100
Consumer,3058,2227500
Producer,2661,300
Producer,3158,100
Consumer,4355,2264800
Producer,4330,200
Consumer,3962,6013500
Consumer,2594,978500
Producer,2099,100
Producer,2902,100
Consumer,4420,7326300
Consumer,228,100
Producer,4020,100
Consumer,4380,9936300
Producer,2975,200
Consumer,1350,100
Producer,892,200
Producer,1698,200
Consumer,3292,2565300
Producer,3085,200
Consumer,3303,29415400
Producer,907,300
Producer,298,300
Producer,1044,200
Consumer,2363,5547100
Producer,3509,100
Consumer,2823,6267300
Consumer,1054,100
Producer,4207,100
Consumer,3239,759500
Producer,705,0
Producer,2292,200
Consumer,3813,21426900
Producer,2282,100
Consumer,1157,1644500
Consumer,831,5308200
Producer,3656,200
Consumer,3563,1684400
Producer,3214,600
Consumer,3794,19685700
Producer,1663,100
Consumer,1829,300
Producer,4373,100
Consumer,3474,40670000
Producer,1997,100
Consumer,2405,1711800
Producer,20,200
Producer,1138,100
Producer,3650,100
Consumer,4980,7698500
Producer,3422,100
Consumer,3309,14394400
Producer,945,200
Producer,673,100
Consumer,1735,1467900
Producer,1007,100
Consumer,110,0
Producer,1941,300
Producer,182,100
Consumer,1417,400
Consumer,1921,300
Producer,2368,100
Consumer,2325,1094200
Producer,1715,200
Consumer,1732,1663800
Producer,2579,100
Consumer,561,676300
Producer,4972,100
Consumer,4636,35463900
Producer,2989,100
Consumer,3031,23033500
Consumer,2100,100
Producer,1356,100
Producer,4611,100
Consumer,1754,200
Consumer,2242,100
Consumer,2205,1506800
Producer,3533,100
Producer,1077,100
Consumer,4446,16485400
Producer,1816,0
Consumer,446,100
Producer,4629,0
Consumer,3533,16079700
Consumer,2349,3815200
Producer,2509,100
Consumer,2781,7961200
Producer,2514,200
Consumer,1407,1432800
Producer,3201,100
Consumer,4362,630400
Producer,4291,100
Consumer,3488,17676000
Producer,2110,200
Consumer,421,808400
Consumer,1902,2883200
Consumer,602,1371400
Producer,1296,200
Producer,1862,100
Consumer,1197,100
Producer,534,200
Producer,2953,100
Consumer,4757,8624900
Producer,3348,100
Consumer,2829,1023500
Producer,4178,0
Consumer,4291,1729500
Producer,3795,400
Consumer,4404,2586800
Consumer,224,200
Producer,1647,200
Producer,4652,200
Consumer,1461,200
Consumer,1897,100
Consumer,3007,16573900
Producer,951,200
Producer,3676,100
Consumer,2582,905100
Consumer,1466,100
Producer,52,200
Producer,3465,100
Consumer,2393,100
Producer,3766,100
Consumer,3732,10557700
Consumer,1439,0
Producer,4728,200
Consumer,4892,15806900
Producer,7,100
Producer,1059,200
Producer,1786,200
Consumer,2691,849900
Producer,388,100
Producer,3975,500
Consumer,4771,14542500
Producer,2089,300
Producer,490,100
Producer,667,400
Consumer,2146,726700
Producer,3800,200
Consumer,4649,33348400
Producer,83,200
Consumer,63,0
Producer,2000,300
Consumer,2227,1723200
Producer,483,100
Producer,285,100
Producer,2671,300
Consumer,3503,7050000
Producer,662,300
Producer,2755,200
Consumer,2771,100
Producer,2664,200
Consumer,2843,5173100
Producer,1693,100
Consumer,1241,100
Producer,3398,100
Consumer,4114,979900
Producer,1524,300
Consumer,919,1978400
Producer,1658,200
Producer,1810,200
Consumer,2353,2016700
Consumer,1315,1137400
Producer,3459,200
Consumer,3987,33877500
Producer,3346,200
Consumer,2999,7520900
Producer,1297,200
Consumer,532,200
Producer,1949,200
Consumer,2288,5475600
Producer,2644,400
Consumer,732,100
Producer,2885,100
Consumer,3825,20735100
Consumer,1355,100
Producer,1760,100
Consumer,1608,300
Producer,1890,300
Producer,1578,200
Consumer,2972,13913800
Consumer,1127,200
Producer,4683,300
Consumer,4554,35849900
Producer,4176,200
Consumer,3888,8143300
Producer,453,200
Consumer,130,0
Producer,2071,100
Consumer,2822,200
Producer,2513,100
Producer,746,100
Consumer,2827,8151100
Producer,1992,100
Consumer,2116,0
Producer,2218,300
Producer,1929,200
Consumer,3197,11629500
Producer,4912,0
Consumer,3231,300
Consumer,384,100
Producer,2917,100
Consumer,2967,14153900
Consumer,2106,100
Producer,2151,100
Producer,2528,100
Consumer,4141,20753200
Consumer,899,100
Producer,3598,100
Producer,3635,200
Consumer,4889,2108600
Consumer,1662,100
Producer,1771,100
Producer,2145,400
Consumer,4610,70773500
Producer,3740,0
Consumer,3276,29474900
Producer,4767,100
Consumer,3284,8293000
Consumer,269,1063400
Consumer,1016,1095900
Producer,464,200
Producer,4574,100
Consumer,3770,5089700
Consumer,148,100
Producer,4927,200
Consumer,3532,14593200
Producer,4578,100
Consumer,3332,1839600
Consumer,3613,100
Producer,164,100
Producer,4828,0
Consumer,2799,14639100
Consumer,1353,1172900
Consumer,1313,200
Producer,4993,100
Consumer,4759,13135800
Consumer,230,100
Producer,2666,100
Consumer,1293,703700
Consumer,938,100
Producer,4124,200
Consumer,3550,3539300
Producer,2724,100
Consumer,4099,32299400
Producer,1832,200
Consumer,1217,100
Producer,1226,100
Consumer,705,100
Producer,3005,100
Consumer,3189,11061800
Producer,4973,200
Consumer,4357,14558700
Consumer,1107,1540300
Producer,1252,100
Producer,357,200
Producer,1018,100
Consumer,1076,580800
Producer,2902,100
Consumer,4495,35235100
Producer,4051,100
Consumer,3068,804000
Producer,4411,0
Consumer,4552,44821800
Producer,2100,100
Consumer,970,200
Producer,417,100
Consumer,44,100
Producer,1162,300
Consumer,3749,26297400
Producer,4956,200
Consumer,3212,100
Producer,322,200
Consumer,2271,6618300
Producer,4675,200
Consumer,3731,13754600
Consumer,437,200
Producer,2758,100
Producer,1814,0
Consumer,4057,11309300
Producer,3179,100
Consumer,3996,33452900
Producer,3198,100
Consumer,2771,881400
Producer,1352,100
Consumer,1567,868300
Producer,1961,100
Consumer,1324,0
Producer,1458,200
Consumer,733,629000
Producer,3318,100
Consumer,3390,60767800
Consumer,1540,100
Producer,4049,0
Consumer,4019,16693800
Producer,249,200
Producer,1555,100
Producer,1678,100
Consumer,3052,1559000
Consumer,567,715700
Producer,4687,100
Consumer,3919,5660900
Producer,2990,100
Consumer,2930,3111900
Producer,459,100
Producer,2449,100
Consumer,2689,13496400
Producer,4543,100
Consumer,4401,4714300
Producer,4478,100
Consumer,2953,1726600
Producer,2724,100
Consumer,2612,5875100
Consumer,2600,200
Producer,2681,100
Consumer,2687,3954800
Producer,3163,200
Consumer,3184,11215200
Producer,424,200
Producer,2857,100
Consumer,1390,400
Producer,3622,600
Consumer,4273,47111100
Producer,3064,500
Consumer,3197,14074700
Consumer,844,100
Consumer,141,100
Producer,1142,200
Producer,4622,100
Consumer,3855,40694300
Consumer,2056,1127600
Producer,823,100
Producer,52,200
Producer,3450,100
Consumer,2834,1797900
Consumer,1444,786700
Producer,3387,100
Consumer,1524,882400
Producer,4846,100
Consumer,4203,21469900
Producer,815,100
Consumer,1963,901100
Producer,2885,200
Consumer,3954,10182100
Producer,2398,100
Producer,3443,100
Consumer,3177,5378400
Producer,759,500
Consumer,4026,993000
Producer,4062,200
Consumer,3112,7067000
Consumer,943,300
Producer,4358,100
Consumer,3681,1004900
Producer,1004,100
Producer,2004,200
Consumer,2319,5524100
Consumer,906,300
Producer,2922,200
Consumer,416,200
Producer,890,200
Consumer,2387,5658500
Producer,3066,200
Consumer,3921,4755700
Producer,1294,0
Producer,2340,100
Consumer,3664,7504600
Producer,1476,100
Producer,655,100
Consumer,1914,1987200
Producer,4709,100
Consumer,4939,2749200
Producer,2367,200
Consumer,1530,2741500
Consumer,292,0
Producer,1384,100
Producer,2234,0
Consumer,4338,36660000
Producer,3037,100
Consumer,2391,5425900
Producer,4022,100
Consumer,2579,5539100
Producer,4092,100
Consumer,4476,17187500
Producer,679,200
Consumer,2585,10772000
Producer,1499,100
Producer,2494,100
Consumer,4163,6333300
Producer,4198,300
Consumer,1910,100
Producer,2618,100
Consumer,1357,100
Producer,1564,100
Consumer,4112,1848600
Consumer,491,100
Producer,4382,300
Consumer,4638,13545200
Producer,349,300
Consumer,355,1010800
Producer,2186,100
Consumer,2231,2619200
Producer,4635,100
Consumer,1952,1799200
Producer,2359,0
Consumer,3657,2544300
Producer,2731,100
Consumer,3668,19142800
Producer,2842,100
Consumer,2274,4348900
Consumer,458,200
Producer,1747,200
Consumer,1195,100
Producer,1880,0
Consumer,2514,5793700
Consumer,314,100
Producer,3852,100
Consumer,2854,100
Producer,461,100
Producer,2504,0
Consumer,1740,2373000
Consumer,2432,4148200
Producer,4179,100
Consumer,2889,9552400
Producer,4218,0
Consumer,4677,52265500
Producer,591,100
Producer,2057,300
Producer,149,100
Consumer,3201,875600
Producer,2932,100
Consumer,498,0
Producer,1925,0
Consumer,4908,14930100
Producer,508,100
Producer,4835,100
Consumer,4092,6828000
Producer,4013,300
Consumer,4482,100
Consumer,294,100
Consumer,334,1048400
Producer,2041,300
Consumer,1753,2313000
Producer,3127,300
Consumer,2656,5505700
Producer,1905,100
Consumer,830,100
Producer,4876,0
Consumer,4547,11589600
Producer,3136,200
Consumer,4831,4022900
Producer,2961,100
Consumer,2998,4081100
Producer,870,200
Producer,980,200
Consumer,2248,861000
Producer,2994,200
Consumer,1975,200
Producer,2597,100
Producer,4611,200
Consumer,4364,48405500
Consumer,3368,14412800
Producer,1356,200
Consumer,1121,1525500
Producer,244,0
Consumer,767,0
Producer,4973,300
Consumer,2902,8074600
Producer,304,100
Consumer,2388,1679400
Producer,1262,100
Producer,1703,0
Consumer,17,100
Consumer,3285,14802600
Producer,1660,100
Producer,4488,100
Consumer,4050,773000
Producer,4551,100
Consumer,4768,4103300
Producer,3427,100
Consumer,2503,4109800
Producer,3388,100
Consumer,4892,60906900
Consumer,455,830700
Producer,1899,100
Consumer,2475,893300
Producer,3263,100
Consumer,2877,11449800
Producer,1364,200
Producer,4193,100
Consumer,4632,8129500
Producer,3377,200
Consumer,4100,41175900
Consumer,849,853500
Producer,2502,100
Producer,381,100
Consumer,227,100
Consumer,2666,10812000
Producer,3164,100
Consumer,1171,1761900
Consumer,1670,100
Producer,4025,0
Consumer,3894,33888600
Producer,3057,100
Consumer,2492,1937800
Producer,293,100
Producer,1346,100
Consumer,2446,1294700
Producer,4739,100
Consumer,4709,2290700
Producer,2501,0
Producer,4856,0
Consumer,3112,3986100
Consumer,2710,33691200
Consumer,751,809800
Producer,3116,200
Consumer,3557,4832600
Producer,644,200
Producer,2462,100
Consumer,2466,100
Producer,3248,0
Consumer,4336,964700
Producer,2097,100
Consumer,1733,5817200
Producer,3980,200
Consumer,4104,24550300
Producer,1674,100
Producer,56,300
Consumer,1568,100
Producer,1370,100
Consumer,1052,1161200
Producer,481,0
Consumer,1362,100
Producer,2701,100
Consumer,2599,1087100
Producer,2195,500
Consumer,2214,3539200
Producer,4997,200
Consumer,4392,20964800
Producer,3138,100
Consumer,3822,10246100
Producer,4903,300
Consumer,3990,100
Producer,3030,200
Consumer,1378,1127500
Consumer,1100,2921100
Consumer,1202,100
Producer,1037,200
Producer,2158,200
Consumer,2702,4008000
Consumer,391,100
Producer,237,300
Producer,4640,300
Consumer,4781,24927500
Producer,2283,100
Consumer,2283,6560300
Producer,693,200
Producer,838,200
Consumer,393,0
Producer,2753,100
Consumer,2124,954100
Consumer,1330,924600
Producer,4586,200
Consumer,4720,100626700
Producer,120,200
Producer,3945,200
Consumer,2123,2566100
Consumer,1251,0
Producer,1495,200
Consumer,732,200
Consumer,2154,4836700
Producer,3450,200
Consumer,1603,100
Producer,4259,100
Consumer,4972,21635200
Producer,355,100
Producer,2115,300
Consumer,3477,200
Producer,637,100
Producer,3835,200
Consumer,3942,2700000
Producer,3046,200
Consumer,3674,1559500
Producer,2450,0
Consumer,2135,0
Producer,4251,200
Consumer,4204,50867400
Producer,3517,100
Consumer,2461,951300
Producer,1945,100
Consumer,2262,935300
Producer,2500,200
Consumer,3474,13384700
Producer,2645,200
Consumer,2803,200
Producer,3583,200
Consumer,1850,5176500
Consumer,728,100
Producer,2004,0
Consumer,924,0
Consumer,1107,1632500
Producer,84,0
Producer,2096,0
Producer,4941,100
Consumer,3723,9864900
Consumer,4354,39995100
Producer,1946,200
Producer,4317,200
Consumer,4529,27599000
Producer,2873,100
Consumer,4198,4297800
Producer,795,0
Producer,3172,400
Consumer,3940,2624500
Producer,2086,0
Consumer,2646,0
Producer,2156,200
Consumer,1316,100
Producer,3850,100
Consumer,3970,8768800
Producer,3904,100
Consumer,4465,3570600
Producer,4304,100
Consumer,4386,13401300
Producer,2882,200
Consumer,2622,0
Producer,3677,100
Consumer,2914,1840300
Producer,3759,100
Consumer,3727,21965800
Producer,4110,200
Consumer,3398,12683600
Producer,2794,100
Consumer,3884,1986200
Producer,4338,200
Consumer,3435,32073400
Consumer,807,2016300
Consumer,644,1975800
Producer,656,100
Producer,4104,100
Consumer,4800,10838800
Producer,178,200
Producer,2971,300
Consumer,2531,100
Producer,2782,100
Consumer,2613,4677600
Producer,1120,100
Producer,137,0
Consumer,1308,1609400
Producer,3330,0
Consumer,3795,31462600
Producer,731,100
Producer,1281,0
Consumer,2236,1722600
Producer,4597,100
Consumer,3281,908700
Consumer,510,200
Consumer,751,100
Producer,1817,100
Consumer,2109,100
Producer,4584,200
Consumer,3970,11660800
Consumer,345,100
Producer,4290,100
Consumer,4165,2583900
Producer,4372,200
Consumer,1406,1866200
Consumer,2797,20313000
Consumer,239,0
Producer,4074,100
Consumer,4089,9098400
Producer,3369,100
Producer,881,100
Consumer,4110,2685500
Producer,7,100
Producer,824,100
Producer,4647,100
Consumer,4160,42722300
Producer,4508,100
Consumer,4380,1791000
Producer,2003,100
Consumer,1949,100
Consumer,1406,5406600
Consumer,523,200
Producer,1845,100
Producer,3419,100
Consumer,3459,1759200
Producer,4222,200
Consumer,3707,28622100
Producer,4959,100
Consumer,663,0
Consumer,4754,52589700
Producer,586,100
Producer,3498,200
Consumer,4919,26051200
Producer,430,100
Producer,3411,100
Consumer,3550,2597900
Producer,4133,200
Consumer,1574,300
Consumer,2839,5386600
Producer,4851,300
Consumer,4382,3570000
Producer,714,100
Producer,3772,300
Consumer,4733,2644300
Consumer,371,0
Producer,264,100
Producer,1167,200
Producer,2645,0
Consumer,4689,33650300
Producer,1293,0
Consumer,903,200
Producer,1779,100
Consumer,47,0
Producer,3027,300
Consumer,4510,10827100
Producer,1063,0
Consumer,723,200
Producer,666,200
Producer,2525,100
Consumer,3939,13880500
Producer,1096,100
Consumer,837,100
Producer,4910,100
Consumer,4569,11798500
Producer,1883,100
Consumer,3001,24525800
Producer,3156,100
Producer,3576,100
Consumer,4989,953700
Consumer,784,400
Consumer,521,823900
Producer,3501,0
Consumer,2107,13847200
Producer,2383,200
Consumer,3929,33472500
Producer,1902,100
Producer,3344,200
Consumer,3768,18308700
Consumer,582,100
Producer,1572,100
Consumer,2619,14987200
Producer,1149,0
Producer,1927,100
Consumer,2457,1045900
Producer,4978,100
Consumer,4359,38641500
Producer,4499,100
Consumer,4299,31351300
Producer,1678,200
Consumer,3017,16003800
Producer,1479,100
Consumer,812,2091900
Producer,3064,100
Consumer,1092,100
Consumer,2454,6197200
Producer,31,300
Producer,497,200
Producer,4002,200
Consumer,2457,9508700
Producer,4431,200
Consumer,1558,2918900
Consumer,2402,11361000
Consumer,1709,7026200
Producer,409,400
Producer,1077,300
Consumer,2080,1053700
Producer,1513,100
Consumer,1660,1159900
Producer,1362,0
Consumer,1717,924200
Producer,1143,100
Consumer,1206,100
Producer,66,200
Consumer,87,100
Producer,1690,100
Producer,1591,100
Consumer,3185,0
Producer,4929,100
Consumer,4599,48612500
Producer,3180,200
Consumer,1371,100
Producer,1613,100
Consumer,701,1106000
Producer,765,100
Consumer,2743,10307300
Producer,2865,200
Consumer,3647,23828200
Producer,2180,100
Consumer,2265,200
Producer,2640,100
Consumer,2464,14765000
Consumer,540,100
Producer,2179,0
Consumer,1572,3247300
Producer,1584,200
Consumer,2102,3288100
Producer,4511,100
Consumer,2908,5274400
Consumer,1725,2181800
Producer,3911,0
Consumer,2330,8453300
Producer,1857,0
Consumer,1679,200
Producer,3109,100
Consumer,4223,6295700
Producer,3387,200
Consumer,4034,3406600
Producer,4180,200
Consumer,430,0
Consumer,2544,14230900
Consumer,351,1174900
Consumer,647,200
Producer,3573,200
Consumer,2793,26821900
Consumer,684,698500
Producer,3089,200
Consumer,1405,1417100
Consumer,1693,1444100
Producer,3256,300
Consumer,2805,100
Producer,952,100
Producer,4880,200
Consumer,4892,10742400
Consumer,484,2265900
Producer,3797,300
Consumer,4935,10612300
Producer,4228,300
Consumer,2943,100
Producer,4478,200
Consumer,4250,14873000
Consumer,923,100
Producer,3602,300
Producer,2701,200
Consumer,3688,21201100
Consumer,1468,100
Consumer,811,985100
Producer,973,3200
Producer,1419,100
Consumer,764,0
Consumer,2257,1919900
Producer,2571,100
Consumer,2865,1860100
Producer,696,100
Producer,4284,400
Producer,4721,0
Consumer,4913,12158900
Consumer,3192,3462600
Consumer,1378,811100
Producer,1188,200
Producer,3536,100
Consumer,3811,37646200
Producer,2692,100
Consumer,3794,4488000
Producer,3211,100
Consumer,2132,1754600
Producer,3429,200
Consumer,4301,16444200
Producer,4339,200
Consumer,4254,19380500
Producer,3550,200
Consumer,3868,100
Producer,2634,200
Consumer,2344,1607300
Producer,1567,100
Consumer,1766,1616900
Producer,3421,100
Consumer,3420,10484300
Producer,4666,100
Producer,2767,200
Consumer,4902,16816800
Consumer,1894,10508300
Producer,3957,100
Consumer,4730,24400600
Producer,2108,100
Producer,601,200
Consumer,1665,100
Producer,3226,500
Consumer,2259,100
Producer,4899,300
Consumer,1681,814000
Consumer,2998,3309500
Producer,1370,200
Consumer,3203,1899200
Producer,1645,0
Consumer,1359,2674500
Consumer,663,4294700
Producer,4039,100
Consumer,3702,0
Producer,1798,100
Consumer,1988,6900400
Producer,3699,200
Consumer,3872,23690300
Producer,3181,200
Consumer,3034,7334800
Producer,1937,200
Consumer,851,100
Producer,3794,100
Consumer,3432,17286000
Producer,4496,100
Consumer,2583,1707100
Consumer,3102,2756200
Producer,3870,100
Consumer,3729,1195800
Producer,1571,100
Producer,4439,100
Consumer,1692,1407300
Consumer,3875,28677500
Producer,2147,100
Consumer,2753,9046200
Producer,2236,200
Producer,1014,100
Consumer,1398,100
Producer,1946,100
Consumer,2559,11503800
Consumer,1221,200
Producer,1204,300
Producer,4877,100
Consumer,4476,101048000
Producer,808,0
Producer,3096,100
Consumer,4291,10465300
Consumer,1313,0
Producer,2338,200
Producer,3459,300
Producer,1723,300
Consumer,4517,25312600
Consumer,1015,100
Producer,3126,300
Consumer,1441,200
Consumer,3011,1374300
Producer,4190,100
Consumer,3212,4757800
Consumer,1844,200
Producer,2039,700
Consumer,1591,300
Producer,2595,200
Producer,4186,400
Consumer,4575,21259400
Producer,2330,500
Consumer,4496,107758600
Producer,2523,500
Consumer,2930,6630800
Producer,639,0
Consumer,347,4500
Producer,2682,100
Consumer,1954,589800
Producer,857,100
Producer,1309,200
Consumer,2891,740300
Consumer,136,100
Producer,4359,100
Consumer,4338,11852100
Producer,3232,100
Producer,2778,200
Consumer,4466,10003600
Producer,3682,200
Consumer,3666,8585900
Producer,156,100
Producer,3505,200
Consumer,1327,100
Consumer,1384,200
Producer,292,100
Consumer,2228,5865700
Producer,2818,100
Consumer,2471,1592800
Producer,1708,200
Consumer,2038,100
Producer,3141,100
Consumer,1153,100
Producer,36,100
Consumer,700,200
Producer,2617,100
Consumer,4210,6451900
Consumer,428,100
Producer,2957,200
Consumer,3037,2421000
Producer,27,200
Producer,382,100
Consumer,271,100
Producer,2035,100
Consumer,469,100
Producer,2057,200
Consumer,3143,13944500
Producer,1250,200
Consumer,989,864400
Producer,3215,200
Consumer,3956,18289400
Producer,2749,200
Consumer,2004,748500
Producer,3384,100
Consumer,3933,5737000
Producer,826,200
Consumer,276,200
Consumer,374,697800
Producer,918,200
Producer,4595,200
Consumer,4053,14135300
Consumer,21,0
Producer,2218,100
Consumer,3702,11595700
Producer,2782,200
Producer,2444,100
Consumer,4652,46893400
Consumer,909,688700
Consumer,326,100
Producer,3392,300
Consumer,3187,1681800
Producer,1581,100
Consumer,1621,100
Producer,2243,100
Consumer,2391,602700
Producer,1154,300
Producer,204,0
Consumer,1377,100
Producer,3562,200
Consumer,3145,500
Producer,1805,100
Consumer,2111,200
Producer,3328,0
Consumer,441,0
Producer,3035,0
Consumer,4404,12780100
Consumer,1546,200
Producer,1699,200
Producer,3318,200
Consumer,4868,6532900
Producer,1076,100
Producer,2017,100
Consumer,2849,533900
Producer,3286,0
Consumer,2483,6212100
Producer,4325,100
Consumer,4413,46646500
Producer,3460,200
Consumer,84,200
Consumer,2246,4258700
Producer,2107,100
Consumer,2508,863800
Producer,3452,100
Consumer,4707,10191900
Producer,1381,200
Producer,3008,100
Consumer,2388,1585000
Consumer,1768,100
Producer,2087,0
Consumer,1283,100
Producer,4849,100
Consumer,4890,11063700
Consumer,1294,0
Producer,4244,100
Consumer,3853,15767200
Producer,509,200
Consumer,852,876400
Producer,685,200
Producer,3009,200
Consumer,2213,1715600
Consumer,847,805500
Producer,4729,500
Consumer,2268,0
Consumer,3308,2483600
Producer,3084,300
Consumer,1736,200
Producer,353,100
Consumer,1612,100
Producer,3440,100
Consumer,2874,825100
Producer,2691,100
Consumer,3433,3241000
Producer,650,100
Consumer,565,511400
Producer,3847,100
Consumer,2789,2820000
Consumer,756,100
Producer,4033,100
Consumer,4362,15672600
Producer,1175,100
Producer,1575,100
Producer,3136,100
Consumer,4779,30288400
Producer,3831,200
Consumer,2528,1394300
Consumer,2480,805500
Producer,4034,300
Consumer,4146,67988100
Producer,2196,200
Producer,409,200
Consumer,2103,590000
Producer,4293,100
Consumer,3803,9410400
Producer,2934,200
Consumer,1841,5738000
Consumer,121,100
Consumer,1568,785100
Producer,4400,0
Consumer,4705,31540800
Producer,2155,0
Producer,3316,100
Consumer,4012,2105100
Producer,3805,200
Consumer,4222,1617300
Producer,3891,300
Consumer,4842,11556900
Producer,3031,100
Consumer,2047,5418300
Producer,3435,100
Consumer,3537,2842700
Producer,1082,100
Consumer,1378,707100
Producer,3965,100
Consumer,2906,3605100
Consumer,1066,200
Producer,1251,100
Producer,1531,100
Consumer,2671,2841000
Producer,4275,100
Consumer,3881,1409800
Consumer,1055,100
Producer,2050,100
Producer,4977,100
Consumer,4677,26848800
Consumer,546,723600
Consumer,1794,100
Producer,314,200
Producer,4677,100
Consumer,4298,0
Producer,2445,100
Producer,1854,100
Consumer,4989,100
Producer,2207,100
Producer,374,100
Consumer,2625,3832300
Producer,4195,100
Consumer,4101,6699000
Producer,2672,100
Consumer,2833,3924200
Producer,2560,100
Producer,1382,100
Producer,2321,100
Consumer,2858,6034800
Consumer,1171,300
Consumer,513,100
Consumer,683,885300
Producer,2455,100
Consumer,526,0
Producer,1812,100
Consumer,4701,22971600
Producer,4031,300
Consumer,1185,610300
Producer,1816,100
Consumer,3115,4558300
Producer,4924,100
Consumer,2580,5306500
Consumer,3977,0
Producer,3900,0
Consumer,3677,49026100
Producer,3612,100
Consumer,3568,783000
Producer,2363,100
Consumer,2112,518300
Consumer,558,556300
Producer,4348,200
Consumer,3403,2599200
Consumer,792,0
Producer,1652,100
Consumer,1564,2469200
Producer,3388,100
Consumer,668,1818900
Consumer,2837,7125300
Producer,2042,100
Producer,4610,200
Consumer,4863,21439000
Producer,1850,0
Consumer,1314,100
Consumer,1592,100
Producer,67,100
Producer,803,200
Consumer,435,0
Producer,1699,100
Consumer,1373,525900
Producer,2077,0
Consumer,3352,7215600
Producer,2225,200
Consumer,1738,300
Producer,673,0
Producer,3419,200
Consumer,4974,20809900
Producer,1332,200
Producer,3902,200
Consumer,4565,65307200
Producer,3035,100
Consumer,3210,556200
Producer,63,100
Producer,3547,100
Consumer,2040,1295600
Consumer,1484,812900
Producer,1701,200
Producer,4885,300
Consumer,3644,9985400
Consumer,3490,100
Producer,3282,200
Consumer,2081,2187800
Producer,3087,300
Consumer,942,974500
Consumer,2980,15023100
Producer,3750,100
Producer,2540,100
Consumer,2206,3026800
Consumer,3350,1876800
Producer,920,100
Consumer,1761,100
Producer,4084,200
Consumer,3551,0
Producer,4182,200
Consumer,4882,11388900
Producer,1799,100
Producer,4272,100
Consumer,2760,6894600
Consumer,2596,9296200
Producer,2456,100
Consumer,1712,4294400
Producer,4118,0
Consumer,4659,51517600
Producer,4643,100
Consumer,1555,2549100
Consumer,3147,606300
Consumer,756,100
Consumer,124,200
